close_street;28149749;4477205567;100;1600;0
close_street;4477205567;4477205566;100;1600;0
close_street;4477205566;28149750;100;1600;0
close_street;60609600;60609601;100;1600;0
close_street;60609601;4477205562;100;1600;0
close_street;4477205562;60609602;100;1600;0
close_street;60609602;60609603;100;1600;0
close_street;60609603;4477205565;100;1600;0
close_street;4477205565;60609604;100;1600;0
close_street;60609604;28149750;100;1600;0
close_street;60609600;1423143140;100;1600;0
close_street;1423143140;1423143142;100;1600;0
close_street;1423143142;60609616;100;1600;0
close_street;60609616;1423143144;100;1600;0
close_street;1423143144;60609617;100;1600;0
close_street;60609617;1423143143;100;1600;0
close_street;1423143143;60609618;100;1600;0
close_street;60609618;4350479468;100;1600;0
close_street;4350479468;1423143138;100;1600;0
close_street;1423143138;1952529574;100;1600;0
close_street;1952529574;4350479392;100;1600;0
close_street;4350479392;1952529559;100;1600;0
close_street;1952529559;1952529583;100;1600;0
close_street;60609607;444959835;100;1600;0
close_street;60609600;1952545097;100;1600;0
close_street;1952545097;1952545105;100;1600;0
close_street;1952545105;1952545125;100;1600;0
close_street;1952545125;1952545112;100;1600;0
close_street;1952545112;1952545082;100;1600;0
close_street;1952545082;1952545098;100;1600;0
close_street;1952545098;1952545092;100;1600;0
close_street;1952545092;1952545094;100;1600;0
close_street;1952545094;1952545095;100;1600;0
close_street;1952545095;1953778527;100;1600;0
close_street;28149758;2454667311;100;1600;0
close_street;2454667311;2454667313;100;1600;0
close_street;2454667313;1943675983;100;1600;0
close_street;1943675983;1943676006;100;1600;0
close_street;1943676006;28149757;100;1600;0
close_street;28149757;4477205563;100;1600;0
close_street;4477205563;28149755;100;1600;0
close_street;28149755;1953784146;100;1600;0
close_street;158836448;5688577024;100;1600;0
close_street;5688577024;444959680;100;1600;0
close_street;1962732985;2520923656;100;1600;0
close_street;2520923656;3956576358;100;1600;0
close_street;3956576360;3956576357;100;1600;0
close_street;3956576357;3956576356;100;1600;0
close_street;3956576356;1962733030;100;1600;0
close_street;1962733030;1962733111;100;1600;0
close_street;1962733111;1962733048;100;1600;0
close_street;1962733048;1962733047;100;1600;0
close_street;1962733047;1962733090;100;1600;0
close_street;1962733090;1962733018;100;1600;0
close_street;1962733018;1962733123;100;1600;0
close_street;1962733123;4181736162;100;1600;0
close_street;4181736162;5748135390;100;1600;0
close_street;5748135390;5748135394;100;1600;0
close_street;5748135394;142774424;100;1600;0
close_street;157195772;465888397;100;1600;0
close_street;465888397;1669578478;100;1600;0
close_street;1669578478;1669578482;100;1600;0
close_street;206274836;2520923705;100;1600;0
close_street;2520923705;206278842;100;1600;0
close_street;206278842;2521966888;100;1600;0
close_street;1832159342;5647540862;100;1600;0
close_street;5647540862;4581048783;100;1600;0
close_street;4581048783;4581048780;100;1600;0
close_street;4581048780;4581048784;100;1600;0
close_street;4581048784;2520923685;100;1600;0
close_street;2520923685;142788280;100;1600;0
close_street;142788280;2520923689;100;1600;0
close_street;2520923689;5497615398;100;1600;0
close_street;5497615398;5497615394;100;1600;0
close_street;5497615394;1832159386;100;1600;0
close_street;1832159386;5497615396;100;1600;0
close_street;5497615396;2614771224;100;1600;0
close_street;2614771224;2128070471;100;1600;0
close_street;2128070471;2614771228;100;1600;0
close_street;2614771228;2614771232;100;1600;0
close_street;2614771232;1832159391;100;1600;0
close_street;142787029;4055491657;100;1600;0
close_street;4055491657;4055491659;100;1600;0
close_street;4055491659;2363334650;100;1600;0
close_street;2363334650;477363512;100;1600;0
close_street;477363512;3298557597;100;1600;0
close_street;3298557597;3355053133;100;1600;0
close_street;3355053133;5573621303;100;1600;0
close_street;5573621303;167403203;100;1600;0
close_street;1836144513;1836144514;100;1600;0
close_street;1836144514;3446866627;100;1600;0
close_street;3446866627;465995946;100;1600;0
close_street;465995946;931043759;100;1600;0
close_street;931043759;465907655;100;1600;0
close_street;465907655;2051762297;100;1600;0
close_street;2051762297;466028993;100;1600;0
close_street;466028993;1832057601;100;1600;0
close_street;1832057601;2520923710;100;1600;0
close_street;2520923710;1832057608;100;1600;0
close_street;1832057608;2520923712;100;1600;0
close_street;2520923712;5576620974;100;1600;0
close_street;5576620974;1832057639;100;1600;0
close_street;167403201;1832037295;100;1600;0
close_street;1832037295;5576620958;100;1600;0
close_street;5576620958;1832037292;100;1600;0
close_street;1832037292;5576620959;100;1600;0
close_street;5576620959;465888596;100;1600;0
close_street;465888596;465888284;100;1600;0
close_street;465888284;465888365;100;1600;0
close_street;465888365;2520923719;100;1600;0
close_street;2520923719;1832037287;100;1600;0
close_street;1832037287;2520923714;100;1600;0
close_street;2520923714;2051762301;100;1600;0
close_street;2051762301;2051762299;100;1600;0
close_street;2051762299;465907511;100;1600;0
close_street;465907511;465907517;100;1600;0
close_street;465907517;465907521;100;1600;0
close_street;465907521;465901513;100;1600;0
close_street;465901513;1836154775;100;1600;0
close_street;1861170808;142775802;100;1600;0
close_street;142775802;142775804;100;1600;0
close_street;142775804;1962732991;100;1600;0
close_street;1962732991;1962732985;100;1600;0
close_street;206274836;2380747080;100;1600;0
close_street;2520923734;5348318313;100;1600;0
close_street;5348318313;465888319;100;1600;0
close_street;465888319;465888332;100;1600;0
close_street;465888332;465888365;100;1600;0
close_street;4345259138;1837164902;100;1600;0
close_street;1837164902;465901390;100;1600;0
close_street;465901390;1837164945;100;1600;0
close_street;1837164945;1837164911;100;1600;0
close_street;1837164911;4475986367;100;1600;0
close_street;4475986367;1837164951;100;1600;0
close_street;1837164951;1832159347;100;1600;0
close_street;466069912;466069908;100;1600;0
close_street;466069908;466069904;100;1600;0
close_street;466069904;2577302484;100;1600;0
close_street;2577302484;4034890944;100;1600;0
close_street;466069908;466069939;100;1600;0
close_street;466069939;4476079644;100;1600;0
close_street;4476079644;1832037302;100;1600;0
close_street;1832037302;1832037301;100;1600;0
close_street;1832037301;4124539092;100;1600;0
close_street;173361745;5427557482;100;1600;0
close_street;5427557482;1832037303;100;1600;0
close_street;1832037303;4484847353;100;1600;0
close_street;4484847353;466069963;100;1600;0
close_street;466069963;4484847355;100;1600;0
close_street;4484847355;1832037304;100;1600;0
close_street;1832037304;5592551378;100;1600;0
close_street;5592551378;466069904;100;1600;0
close_street;303561946;466069979;100;1600;0
close_street;466069979;2614771242;100;1600;0
close_street;2614771242;5370286684;100;1600;0
close_street;5370286684;5370286682;100;1600;0
close_street;4257978377;1492967734;100;1600;0
close_street;1492967734;1595394113;100;1600;0
close_street;1595394113;1492967722;100;1600;0
close_street;1492967722;467725348;100;1600;0
close_street;467725348;1492967732;100;1600;0
close_street;1492967732;4512806737;100;1600;0
close_street;4512806737;1492963070;100;1600;0
close_street;1492963070;4512826454;100;1600;0
close_street;4512826454;1492963069;100;1600;0
close_street;1492963069;467725349;100;1600;0
close_street;467725349;4512752553;100;1600;0
close_street;4512752553;4512752552;100;1600;0
close_street;4512752552;4512752551;100;1600;0
close_street;4512752551;467725351;100;1600;0
close_street;467725351;4477205570;100;1600;0
close_street;4477205570;1492963066;100;1600;0
close_street;1492963066;4477205573;100;1600;0
close_street;4477205573;2441982752;100;1600;0
close_street;2441982752;4477205574;100;1600;0
close_street;4477205574;4512826452;100;1600;0
close_street;4512826452;1492963068;100;1600;0
close_street;1492963068;4477205576;100;1600;0
close_street;4477205576;1492963067;100;1600;0
close_street;28149747;4477205568;100;1600;0
close_street;4477205568;4477205571;100;1600;0
close_street;4477205571;4477205572;100;1600;0
close_street;4477205572;1492963065;100;1600;0
close_street;1492963065;1492966026;100;1600;0
close_street;1944500110;923613890;100;1600;0
close_street;923613890;923613891;100;1600;0
close_street;923613891;923613892;100;1600;0
close_street;923613892;923613893;100;1600;0
close_street;923613893;1952545117;100;1600;0
close_street;1952545117;4477205561;100;1600;0
close_street;4477205561;923613895;100;1600;0
close_street;923613895;923613898;100;1600;0
close_street;923613898;1952545089;100;1600;0
close_street;1952545089;923613902;100;1600;0
close_street;923613902;5688577023;100;1600;0
close_street;5688577023;1952545121;100;1600;0
close_street;466175288;2454873864;100;1600;0
close_street;2454873864;4226115690;100;1600;0
close_street;4226115690;2079100815;100;1600;0
close_street;931131909;2614771241;100;1600;0
close_street;2614771241;4476079641;100;1600;0
close_street;4476079641;5464618414;100;1600;0
close_street;5464618414;5464618415;100;1600;0
close_street;5464618415;931131905;100;1600;0
close_street;931131916;5582389708;100;1600;0
close_street;5582389708;2614771240;100;1600;0
close_street;2614771240;931131919;100;1600;0
close_street;1421376033;1421376031;100;1600;0
close_street;1421376031;3633048563;100;1600;0
close_street;3633048563;60609615;100;1600;0
close_street;60609615;60609614;100;1600;0
close_street;60609614;4350479156;100;1600;0
close_street;4350479156;1421376021;100;1600;0
close_street;1421376021;4350479157;100;1600;0
close_street;4350479157;4350479159;100;1600;0
close_street;4350479159;1421376023;100;1600;0
close_street;1421376023;60609612;100;1600;0
close_street;60609612;4350479429;100;1600;0
close_street;4350479429;1952529567;100;1600;0
close_street;1952529567;1952529578;100;1600;0
close_street;1952529578;60609610;100;1600;0
close_street;28149750;142796703;100;1600;0
close_street;142788280;2520923686;100;1600;0
close_street;2520923686;5497615391;100;1600;0
close_street;5497615391;2520923683;100;1600;0
close_street;2520923683;142788282;100;1600;0
close_street;142788282;2520923678;100;1600;0
close_street;2520923678;28800718;100;1600;0
close_street;1492966025;4257988435;100;1600;0
close_street;4257988435;4257988436;100;1600;0
close_street;4257988436;4257988437;100;1600;0
close_street;4257988437;1492966027;100;1600;0
close_street;1492966027;4257988438;100;1600;0
close_street;4257988438;4257988439;100;1600;0
close_street;4257988439;4257988440;100;1600;0
close_street;4257988440;467725349;100;1600;0
close_street;467725365;4257974729;100;1600;0
close_street;4257974729;4257974730;100;1600;0
close_street;4257974730;2746703990;100;1600;0
close_street;2746703990;4257974731;100;1600;0
close_street;4257974731;4257974732;100;1600;0
close_street;4257974732;4257974733;100;1600;0
close_street;4257974733;1492967730;100;1600;0
close_street;1492967730;4257974734;100;1600;0
close_street;4257974734;2746703992;100;1600;0
close_street;2746703992;4257974735;100;1600;0
close_street;4257974735;1492967733;100;1600;0
close_street;1492967725;4257974737;100;1600;0
close_street;4257974737;4257974738;100;1600;0
close_street;4257974738;1492967724;100;1600;0
close_street;1492967724;4257974741;100;1600;0
close_street;4257974741;4257974743;100;1600;0
close_street;4257974743;2746703998;100;1600;0
close_street;2746703998;4257974744;100;1600;0
close_street;4257974744;1492967734;100;1600;0
close_street;1832037289;2520923723;100;1600;0
close_street;2520923723;931147130;100;1600;0
close_street;931147130;1832159388;100;1600;0
close_street;1832159388;2520923696;100;1600;0
close_street;2520923696;1832159361;100;1600;0
close_street;1832159361;2520923692;100;1600;0
close_street;2520923692;1412691110;100;1600;0
close_street;1412691110;465907576;100;1600;0
close_street;465907576;465907544;100;1600;0
close_street;465907544;5676375972;100;1600;0
close_street;5676375972;1832159347;100;1600;0
close_street;1832159356;5423346085;100;1600;0
close_street;5423346085;2520923687;100;1600;0
close_street;2520923687;142788280;100;1600;0
close_street;1832159358;2346911230;100;1600;0
close_street;2346911230;1832159356;100;1600;0
close_street;1832159384;5423346082;100;1600;0
close_street;5423346082;2520923702;100;1600;0
close_street;2520923702;1832159383;100;1600;0
close_street;2050908601;1953881687;100;1600;0
close_street;1953881687;1953881721;100;1600;0
close_street;1963366583;1953841109;100;1600;0
close_street;157190163;5363354445;100;1600;0
close_street;5363354445;4373043968;100;1600;0
close_street;1832159347;1837166137;100;1600;0
close_street;1837166137;5676375978;100;1600;0
close_street;5676375978;1837166125;100;1600;0
close_street;1837166125;4475986374;100;1600;0
close_street;4475986374;1837166143;100;1600;0
close_street;1837166149;1837166148;100;1600;0
close_street;1837166148;1837166145;100;1600;0
close_street;1837166145;4475986366;100;1600;0
close_street;4475986366;4475986368;100;1600;0
close_street;4475986368;1832159347;100;1600;0
close_street;28149758;1943676004;100;1600;0
close_street;1943676004;4350479484;100;1600;0
close_street;4350479484;1943675992;100;1600;0
close_street;1943675992;1943676002;100;1600;0
close_street;1943676002;1943675989;100;1600;0
close_street;1943675989;4350478420;100;1600;0
close_street;4350478420;1943676008;100;1600;0
close_street;1943676008;1943676007;100;1600;0
close_street;1943676007;1943675991;100;1600;0
close_street;1943675991;4350478403;100;1600;0
close_street;4350478403;1943675986;100;1600;0
close_street;1943675986;1943675996;100;1600;0
close_street;1943675996;1943675984;100;1600;0
close_street;1943675984;1943676009;100;1600;0
close_street;1943676009;1943675994;100;1600;0
close_street;1943675994;4350479434;100;1600;0
close_street;4350479434;1952529574;100;1600;0
close_street;1953778568;1953778603;100;1600;0
close_street;1953778603;4477205575;100;1600;0
close_street;4477205575;1944500115;100;1600;0
close_street;1944500115;1944500110;100;1600;0
close_street;60609610;1952529558;100;1600;0
close_street;1952529558;60609609;100;1600;0
close_street;60609609;1421376056;100;1600;0
close_street;1421376056;60609608;100;1600;0
close_street;60609608;1421376051;100;1600;0
close_street;1421376051;60609607;100;1600;0
close_street;1952545121;4935752185;100;1600;0
close_street;4373043969;1953881662;100;1600;0
close_street;1953881662;1953881732;100;1600;0
close_street;1953881732;1832250540;100;1600;0
close_street;1832250540;5539824981;100;1600;0
close_street;5539824981;1832250548;100;1600;0
close_street;1832250548;1832250573;100;1600;0
close_street;1832250573;1832074676;100;1600;0
close_street;1953881721;2614771254;100;1600;0
close_street;2614771254;157190164;100;1600;0
close_street;1953881721;1953881644;100;1600;0
close_street;1953881644;2614771257;100;1600;0
close_street;2614771257;1953881629;100;1600;0
close_street;1953881629;1963366460;100;1600;0
close_street;157190164;2614771252;100;1600;0
close_street;2614771252;28148374;100;1600;0
close_street;28148374;4477211435;100;1600;0
close_street;4477211435;2751703687;100;1600;0
close_street;2751703687;2614771246;100;1600;0
close_street;2614771246;303561946;100;1600;0
close_street;142788951;3511818108;100;1600;0
close_street;3511818108;3511818107;100;1600;0
close_street;3511818107;4714393079;100;1600;0
close_street;4714393079;3806090047;100;1600;0
close_street;3806090047;2397982710;100;1600;0
close_street;2397982710;4226115697;100;1600;0
close_street;4226115697;158836413;100;1600;0
close_street;158836413;60609600;100;1600;0
close_street;2131735469;2529920386;100;1600;0
close_street;2529920386;1832057602;100;1600;0
close_street;2131735467;3573035191;100;1600;0
close_street;3573035191;2131735469;100;1600;0
close_street;2140090156;5066194797;100;1600;0
close_street;5066194797;4257978376;100;1600;0
close_street;2140090153;4257978375;100;1600;0
close_street;1832037286;3296599664;100;1600;0
close_street;3296599664;4432588061;100;1600;0
close_street;4432588061;1832159389;100;1600;0
close_street;1832159389;3298574726;100;1600;0
close_street;3298574726;477363512;100;1600;0
close_street;477363512;5576620975;100;1600;0
close_street;5576620975;1832057639;100;1600;0
close_street;167401978;5348319130;100;1600;0
close_street;5348319130;4476065410;100;1600;0
close_street;4476065410;5348319129;100;1600;0
close_street;5348319129;3298557600;100;1600;0
close_street;3298557600;4097880764;100;1600;0
close_street;4097880764;1832037286;100;1600;0
close_street;1832159383;1832159358;100;1600;0
close_street;28149736;4477205587;100;1600;0
close_street;4477205587;466174524;100;1600;0
close_street;466174524;5632789796;100;1600;0
close_street;5632789796;4477205585;100;1600;0
close_street;4477205585;28149740;100;1600;0
close_street;4849941746;4849941747;100;1600;0
close_street;4849941747;303561792;100;1600;0
close_street;303561792;4849889890;100;1600;0
close_street;4849889890;2614771259;100;1600;0
close_street;2614771259;2614771260;100;1600;0
close_street;2614771260;167400008;100;1600;0
close_street;60624616;5635274784;100;1600;0
close_street;5635274784;4158582349;100;1600;0
close_street;4158582349;2006973634;100;1600;0
close_street;2079100815;4226115694;100;1600;0
close_street;4226115694;2397982717;100;1600;0
close_street;2397982717;5688577021;100;1600;0
close_street;5688577021;4605007046;100;1600;0
close_street;4605007046;5688577022;100;1600;0
close_street;5688577022;1952545109;100;1600;0
close_street;1952545109;4605002457;100;1600;0
close_street;4605002457;142789352;100;1600;0
close_street;2397982710;2397982715;100;1600;0
close_street;2397982715;2397982713;100;1600;0
close_street;2397982713;2397982711;100;1600;0
close_street;2397982711;2397982707;100;1600;0
close_street;2397982707;4226115692;100;1600;0
close_street;4226115692;2397982717;100;1600;0
close_street;2079100815;2454873872;100;1600;0
close_street;2454873872;158836413;100;1600;0
close_street;1669578476;4484840674;100;1600;0
close_street;4484840674;4484840673;100;1600;0
close_street;4484840673;2031321892;100;1600;0
close_street;2031321892;157187899;100;1600;0
close_street;157187899;4028081755;100;1600;0
close_street;4028081755;157187900;100;1600;0
close_street;157187900;2468334787;100;1600;0
close_street;1953778537;1953778580;100;1600;0
close_street;2454873871;4226115693;100;1600;0
close_street;4226115693;2454873866;100;1600;0
close_street;2454873866;444959680;100;1600;0
close_street;2454873864;2454873867;100;1600;0
close_street;2454873867;4226115288;100;1600;0
close_street;4226115288;2454873868;100;1600;0
close_street;2454873868;4226115691;100;1600;0
close_street;4226115691;2454873870;100;1600;0
close_street;2454873870;2454873869;100;1600;0
close_street;2454873869;2454873866;100;1600;0
close_street;2468334787;2468334782;100;1600;0
close_street;2468334782;1417702495;100;1600;0
close_street;1417702495;157187901;100;1600;0
close_street;157187901;4484837436;100;1600;0
close_street;4484837436;4484837434;100;1600;0
close_street;4484837434;157187904;100;1600;0
close_street;2520923727;4476048128;100;1600;0
close_street;4476048128;5462729993;100;1600;0
close_street;5462729993;5462729992;100;1600;0
close_street;5462729992;2520923729;100;1600;0
close_street;206274836;2520923704;100;1600;0
close_street;2520923704;2520923709;100;1600;0
close_street;2520923709;2520923713;100;1600;0
close_street;28800673;5685288996;100;1600;0
close_street;5685288996;5685289337;100;1600;0
close_street;5685289337;5685289338;100;1600;0
close_street;5685289338;2520923661;100;1600;0
close_street;2520923661;2520923648;100;1600;0
close_street;2520923648;2520923640;100;1600;0
close_street;5685289338;4257999407;100;1600;0
close_street;4257999407;2520923655;100;1600;0
close_street;2520923655;4257999406;100;1600;0
close_street;4257999406;2520923644;100;1600;0
close_street;2520923644;4257999403;100;1600;0
close_street;4257999403;4257999402;100;1600;0
close_street;4257999402;4257999401;100;1600;0
close_street;4257999401;2520923638;100;1600;0
close_street;2520923638;4257999400;100;1600;0
close_street;4257999400;2520923633;100;1600;0
close_street;2520923633;4257999399;100;1600;0
close_street;4257999399;5685289339;100;1600;0
close_street;444959835;4605016641;100;1600;0
close_street;4605016641;60609606;100;1600;0
close_street;60609606;2454873871;100;1600;0
close_street;2454873871;2079100815;100;1600;0
close_street;1832037291;2520923732;100;1600;0
close_street;2520923732;465888304;100;1600;0
close_street;465888304;4362163864;100;1600;0
close_street;4362163864;4362165458;100;1600;0
close_street;4362165458;465888660;100;1600;0
close_street;465888660;1832037296;100;1600;0
close_street;2521966888;2520923716;100;1600;0
close_street;2520923716;157195767;100;1600;0
close_street;2520923729;2520923731;100;1600;0
close_street;2520923731;2520923734;100;1600;0
close_street;2520923734;2520923738;100;1600;0
close_street;2520923738;2520923739;100;1600;0
close_street;2520923739;2520923741;100;1600;0
close_street;2520923729;2520923728;100;1600;0
close_street;2520923728;2708905062;100;1600;0
close_street;2708905062;2520923725;100;1600;0
close_street;2520923725;1832037289;100;1600;0
close_street;1832037289;2520923724;100;1600;0
close_street;2520923724;2708905058;100;1600;0
close_street;2708905058;2520923722;100;1600;0
close_street;2520923722;1832037288;100;1600;0
close_street;1832037288;2520923721;100;1600;0
close_street;2520923721;931147117;100;1600;0
close_street;931147117;2520923717;100;1600;0
close_street;2520923717;1832037287;100;1600;0
close_street;1832037287;5805477503;100;1600;0
close_street;5805477503;2708905053;100;1600;0
close_street;2708905053;2520923711;100;1600;0
close_street;2520923711;1832057608;100;1600;0
close_street;1832057608;1832159385;100;1600;0
close_street;1953841079;28147886;100;1600;0
close_street;28147886;2614771255;100;1600;0
close_street;2614771255;5363354446;100;1600;0
close_street;5363354446;157190164;100;1600;0
close_street;3956576359;3956576358;100;1600;0
close_street;2520923749;1832037300;100;1600;0
close_street;1832037300;1832037298;100;1600;0
close_street;1832037298;466070950;100;1600;0
close_street;466070950;5581066862;100;1600;0
close_street;5581066862;1832037297;100;1600;0
close_street;1832037297;4780121879;100;1600;0
close_street;4780121879;167403201;100;1600;0
close_street;1952545111;28149747;100;1600;0
close_street;28149747;1492963067;100;1600;0
close_street;1492963067;5057078785;100;1600;0
close_street;5057078785;4477205580;100;1600;0
close_street;4477205580;1492963064;100;1600;0
close_street;1492963064;4477205582;100;1600;0
close_street;4477205582;4477205583;100;1600;0
close_street;4477205583;4477205584;100;1600;0
close_street;4477205584;5632789797;100;1600;0
close_street;5632789797;4477205586;100;1600;0
close_street;4477205586;2685057628;100;1600;0
close_street;2685057628;5054636822;100;1600;0
close_street;5054636822;28149737;100;1600;0
close_street;1953778580;28149749;100;1600;0
close_street;2685057627;4477205579;100;1600;0
close_street;4477205579;4477205578;100;1600;0
close_street;4477205578;5057078782;100;1600;0
close_street;5057078782;1953778601;100;1600;0
close_street;1953778601;28143671;100;1600;0
close_street;28143671;4477205569;100;1600;0
close_street;4477205569;4350478434;100;1600;0
close_street;4350478434;1953778537;100;1600;0
close_street;2520923663;1832159303;100;1600;0
close_street;1832159303;5789950763;100;1600;0
close_street;5789950763;4599072794;100;1600;0
close_street;4599072794;1832159342;100;1600;0
close_street;1832159342;2671412214;100;1600;0
close_street;2671412214;1832159346;100;1600;0
close_street;1832159346;5345721723;100;1600;0
close_street;5345721723;2671412224;100;1600;0
close_street;2671412224;1832159348;100;1600;0
close_street;1832159348;466029054;100;1600;0
close_street;466029054;142787029;100;1600;0
close_street;142787029;1832057601;100;1600;0
close_street;1832057601;2051762301;100;1600;0
close_street;2051762301;931147095;100;1600;0
close_street;931147095;1832057606;100;1600;0
close_street;1832057606;1832159388;100;1600;0
close_street;1832159388;931147098;100;1600;0
close_street;931147098;2520923715;100;1600;0
close_street;2520923715;157195767;100;1600;0
close_street;157195767;2520923718;100;1600;0
close_street;2520923718;2521966898;100;1600;0
close_street;2521966898;157195772;100;1600;0
close_street;3956576358;2520923664;100;1600;0
close_street;2520923664;28800702;100;1600;0
close_street;28800702;5787525671;100;1600;0
close_street;5787525671;28800703;100;1600;0
close_street;28800703;4935831864;100;1600;0
close_street;4935831864;28800704;100;1600;0
close_street;28800704;2520923675;100;1600;0
close_street;2520923675;28800718;100;1600;0
close_street;28800600;2520923672;100;1600;0
close_street;2520923672;5685289004;100;1600;0
close_street;5685289004;28800673;100;1600;0
close_street;28800673;28800674;100;1600;0
close_street;28800674;28800675;100;1600;0
close_street;28800675;5685289341;100;1600;0
close_street;5685289341;3956576359;100;1600;0
close_street;28149699;2614771237;100;1600;0
close_street;2614771237;5582517756;100;1600;0
close_street;5582517756;931131919;100;1600;0
close_street;931131919;931131909;100;1600;0
close_street;931131909;5464618413;100;1600;0
close_street;5464618413;2751703676;100;1600;0
close_street;2751703676;2614771243;100;1600;0
close_street;2614771243;466069979;100;1600;0
close_street;466069979;2614771244;100;1600;0
close_street;2614771244;931131927;100;1600;0
close_street;931131927;1832057641;100;1600;0
close_street;1832057641;466070945;100;1600;0
close_street;4477211393;60624733;100;1600;0
close_street;60624733;60624731;100;1600;0
close_street;60624731;5632936311;100;1600;0
close_street;5632936311;60624736;100;1600;0
close_street;60624736;5632936314;100;1600;0
close_street;5632936314;4258013615;100;1600;0
close_street;4258013615;60624694;100;1600;0
close_street;1832037299;5446039861;100;1600;0
close_street;5446039861;4476065411;100;1600;0
close_street;4476065411;5427557479;100;1600;0
close_street;5427557479;173361745;100;1600;0
close_street;206274831;4097880778;100;1600;0
close_street;4097880778;173361743;100;1600;0
close_street;173361743;2520923752;100;1600;0
close_street;2520923752;2520923750;100;1600;0
close_street;2520923750;4373051221;100;1600;0
close_street;1837166153;1837166126;100;1600;0
close_street;1837166126;477231589;100;1600;0
close_street;2380747080;2520923697;100;1600;0
close_street;2520923697;157198515;100;1600;0
close_street;157198515;1837166153;100;1600;0
close_street;477231589;4476019633;100;1600;0
close_street;3298557597;3298574725;100;1600;0
close_street;3298574725;3298557598;100;1600;0
close_street;3298557599;5573715455;100;1600;0
close_street;5573715455;4470778306;100;1600;0
close_street;4470778306;3298557600;100;1600;0
close_street;3298574725;3298574726;100;1600;0
close_street;28800718;2520923679;100;1600;0
close_street;2520923679;5135469464;100;1600;0
close_street;5135469464;5135469462;100;1600;0
close_street;5135469462;5127418152;100;1600;0
close_street;5127418152;1832057604;100;1600;0
close_street;3355053134;3355053135;100;1600;0
close_street;3355053135;3355053133;100;1600;0
close_street;466070945;2614771251;100;1600;0
close_street;2614771251;1953881669;100;1600;0
close_street;303561946;2614771245;100;1600;0
close_street;2614771245;5464618416;100;1600;0
close_street;5464618416;4477211433;100;1600;0
close_street;4477211433;2614771238;100;1600;0
close_street;2614771238;28149698;100;1600;0
close_street;28149698;4477211432;100;1600;0
close_street;4477211432;2614771235;100;1600;0
close_street;2614771235;303561705;100;1600;0
close_street;303561705;1953840974;100;1600;0
close_street;1953840974;2751703666;100;1600;0
close_street;2751703666;2614771229;100;1600;0
close_street;2614771229;1832057635;100;1600;0
close_street;1832159391;2614771233;100;1600;0
close_street;2614771233;4477211431;100;1600;0
close_street;4477211431;28149699;100;1600;0
close_street;2614771226;1953841080;100;1600;0
close_street;1953841080;1832159391;100;1600;0
close_street;157190163;2520923753;100;1600;0
close_street;2520923753;1963366861;100;1600;0
close_street;1963366861;1832250487;100;1600;0
close_street;1832250487;466070537;100;1600;0
close_street;466070537;1953881632;100;1600;0
close_street;315638219;4257967856;100;1600;0
close_street;4257967856;4947732903;100;1600;0
close_street;4947732903;2131735466;100;1600;0
close_street;2131735466;2131735467;100;1600;0
close_street;1832057639;5576620973;100;1600;0
close_street;5576620973;5576620960;100;1600;0
close_street;5576620960;1832037292;100;1600;0
close_street;1832037292;5576620961;100;1600;0
close_street;5576620961;5576620936;100;1600;0
close_street;5576620936;1832037293;100;1600;0
close_street;1832037293;5576620937;100;1600;0
close_street;5576620937;5582517753;100;1600;0
close_street;5582517753;1832037294;100;1600;0
close_street;1832037294;5582517750;100;1600;0
close_street;5582517750;5464618412;100;1600;0
close_street;5464618412;2520923740;100;1600;0
close_street;2520923740;2520923741;100;1600;0
close_street;1832057639;5576620972;100;1600;0
close_street;5576620972;5580415963;100;1600;0
close_street;5580415963;167403202;100;1600;0
close_street;173362207;4484847348;100;1600;0
close_street;4484847348;5427557485;100;1600;0
close_street;5427557485;5427557481;100;1600;0
close_street;5427557481;173361745;100;1600;0
close_street;173361745;4476065417;100;1600;0
close_street;4476065417;4124539092;100;1600;0
close_street;4124539092;5440947958;100;1600;0
close_street;5440947958;4097880784;100;1600;0
close_street;4097880784;206274831;100;1600;0
close_street;2006965199;5632789801;100;1600;0
close_street;5632789801;4823908923;100;1600;0
close_street;4823908923;4823908925;100;1600;0
close_street;4823908925;60624731;100;1600;0
close_street;60624731;925058776;100;1600;0
close_street;925058776;4823908932;100;1600;0
close_street;4823908932;4264882245;100;1600;0
close_street;4264882245;184041093;100;1600;0
close_street;2006965199;5632789799;100;1600;0
close_street;5632789799;4258007960;100;1600;0
close_street;4258007960;466174524;100;1600;0
close_street;173365265;2352673912;100;1600;0
close_street;2352673912;173365264;100;1600;0
close_street;173365264;2520923743;100;1600;0
close_street;2520923743;3246072291;100;1600;0
close_street;3246072291;173365261;100;1600;0
close_street;173365261;2708905069;100;1600;0
close_street;2708905069;2708905065;100;1600;0
close_street;2708905065;2520923736;100;1600;0
close_street;2520923736;142788263;100;1600;0
close_street;142788263;2520923735;100;1600;0
close_street;2520923735;5462729990;100;1600;0
close_street;5462729990;1832037291;100;1600;0
close_street;3956576354;4475986357;100;1600;0
close_street;4475986357;28800698;100;1600;0
close_street;28800698;3956576355;100;1600;0
close_street;3956576355;28800699;100;1600;0
close_street;28800699;1962732985;100;1600;0
close_street;1832057602;5127418153;100;1600;0
close_street;5127418153;5135469463;100;1600;0
close_street;5135469463;3975949167;100;1600;0
close_street;3975949167;5135469450;100;1600;0
close_street;5135469450;2520923677;100;1600;0
close_street;2520923677;28800600;100;1600;0
close_street;1832057604;2529920392;100;1600;0
close_street;2529920392;2534716144;100;1600;0
close_street;2534716144;2534716145;100;1600;0
close_street;2534716145;2534716146;100;1600;0
close_street;2534716146;5497615395;100;1600;0
close_street;5497615395;1832159386;100;1600;0
close_street;1832159386;5497615397;100;1600;0
close_street;5497615397;1832037286;100;1600;0
close_street;28149737;5054627412;100;1600;0
close_street;5054627412;1844541375;100;1600;0
close_street;1844541375;4231129515;100;1600;0
close_street;28143671;4158577155;100;1600;0
close_street;4158577155;5629463543;100;1600;0
close_street;5629463543;5629463540;100;1600;0
close_street;5629463540;60624720;100;1600;0
close_street;60624720;5629463542;100;1600;0
close_street;5629463542;4258011987;100;1600;0
close_street;4258011987;60624650;100;1600;0
close_street;60624650;4258012389;100;1600;0
close_street;4258012389;4823908400;100;1600;0
close_street;4823908400;4158580693;100;1600;0
close_street;4158580693;2006973650;100;1600;0
close_street;2006973650;4158580851;100;1600;0
close_street;4158580851;5635274782;100;1600;0
close_street;5635274782;60624607;100;1600;0
close_street;5629463536;4158579000;100;1600;0
close_street;4158579000;4823908409;100;1600;0
close_street;4823908409;4823908404;100;1600;0
close_street;4823908404;5629463537;100;1600;0
close_street;5629463537;4158577805;100;1600;0
close_street;4158577805;60624688;100;1600;0
close_street;60624688;4158577643;100;1600;0
close_street;4158577643;4158577131;100;1600;0
close_street;4158577131;60624717;100;1600;0
close_street;60624717;5629463539;100;1600;0
close_street;5629463539;60624720;100;1600;0
close_street;60624720;5629463541;100;1600;0
close_street;5629463541;4236792696;100;1600;0
close_street;4236792696;60624710;100;1600;0
close_street;60624710;4236792699;100;1600;0
close_street;4236792699;60624739;100;1600;0
close_street;60624739;4158581182;100;1600;0
close_street;4158581182;4158582843;100;1600;0
close_street;4158582843;2006965195;100;1600;0
close_street;2006965195;4158583101;100;1600;0
close_street;4158583101;4823908933;100;1600;0
close_street;4823908933;5632936312;100;1600;0
close_street;5632936312;60624736;100;1600;0
close_street;60624736;5632936313;100;1600;0
close_street;5632936313;142801237;100;1600;0
close_street;28149749;4236798311;100;1600;0
close_street;4158597367;4158597132;100;1600;0
close_street;4158597132;2147307304;100;1600;0
close_street;2147307304;60624692;100;1600;0
close_street;60624692;4258013616;100;1600;0
close_street;4258013616;60624694;100;1600;0
close_street;60624694;4258013614;100;1600;0
close_street;4258013614;4258011863;100;1600;0
close_street;4258011863;2006965203;100;1600;0
close_street;2006965203;4258011861;100;1600;0
close_street;4258011861;4258008692;100;1600;0
close_street;4258008692;60624646;100;1600;0
close_street;60624646;4258008690;100;1600;0
close_street;4258008690;4258012361;100;1600;0
close_street;4258012361;60624648;100;1600;0
close_street;60624648;4258012359;100;1600;0
close_street;4258012359;5632789789;100;1600;0
close_street;5632789789;4258011988;100;1600;0
close_street;4258011988;60624650;100;1600;0
close_street;60624650;4258011986;100;1600;0
close_street;4258011986;4158577799;100;1600;0
close_street;4158577799;60624688;100;1600;0
close_street;60624688;4158577620;100;1600;0
close_street;4158577620;4236801690;100;1600;0
close_street;4236801690;60624635;100;1600;0
close_street;4257962349;2815731097;100;1600;0
close_street;2815731097;1832057602;100;1600;0
close_street;1832057604;4257962350;100;1600;0
close_street;4257967852;142788284;100;1600;0
close_street;142788284;4257967851;100;1600;0
close_street;28800600;2520923673;100;1600;0
close_street;2520923673;2520923671;100;1600;0
close_street;2520923671;5136047680;100;1600;0
close_street;5136047680;4257967852;100;1600;0
close_street;3956576358;2520923663;100;1600;0
close_street;142787021;2520923629;100;1600;0
close_street;2520923629;2520923635;100;1600;0
close_street;2520923635;2520923640;100;1600;0
close_street;2520923640;3956576359;100;1600;0
close_street;3956576359;5685289343;100;1600;0
close_street;5685289343;3956576360;100;1600;0
close_street;142788284;5685289018;100;1600;0
close_street;5685289018;2520923625;100;1600;0
close_street;2520923625;5688128784;100;1600;0
close_street;5688128784;142787021;100;1600;0
close_street;1844541327;5693008381;100;1600;0
close_street;5693008381;2520196566;100;1600;0
close_street;2520196566;172025731;100;1600;0
close_street;172025731;2520196574;100;1600;0
close_street;2520196574;5697206381;100;1600;0
close_street;5697206381;5691291069;100;1600;0
close_street;5691291069;5691291056;100;1600;0
close_street;5691291056;5691291046;100;1600;0
close_street;5691291046;4257974091;100;1600;0
close_street;4257974091;142788294;100;1600;0
close_street;142788294;4257974093;100;1600;0
close_street;4257974093;4257981505;100;1600;0
close_street;4257981505;172025739;100;1600;0
close_street;172025739;4257981508;100;1600;0
close_street;4257981508;5751770390;100;1600;0
close_street;5751770390;5054636821;100;1600;0
close_street;5054636821;28149737;100;1600;0
close_street;1492967723;4512826477;100;1600;0
close_street;4512826477;1492967725;100;1600;0
close_street;1492967725;4512826461;100;1600;0
close_street;4512826461;4512826460;100;1600;0
close_street;4512826460;467725365;100;1600;0
close_street;467725365;4512826458;100;1600;0
close_street;4512826458;4257978373;100;1600;0
close_street;1492967739;4749744879;100;1600;0
close_street;4749744879;4512826455;100;1600;0
close_street;4512826455;1492967721;100;1600;0
close_street;1492967721;4512752550;100;1600;0
close_street;4512752550;4476048126;100;1600;0
close_street;4476048126;1825075888;100;1600;0
close_street;4257978373;3511818101;100;1600;0
close_street;3511818101;1492967739;100;1600;0
close_street;4257978374;2140090153;100;1600;0
close_street;2140090153;2140090154;100;1600;0
close_street;2140090154;4257978377;100;1600;0
close_street;467725343;4512826459;100;1600;0
close_street;4512826459;1492967733;100;1600;0
close_street;1492967733;4714369002;100;1600;0
close_street;4714369002;4512776141;100;1600;0
close_street;4512776141;4257978374;100;1600;0
close_street;4257978375;5066194798;100;1600;0
close_street;5066194798;4721367353;100;1600;0
close_street;4721367353;2140090155;100;1600;0
close_street;4257978376;2140090154;100;1600;0
close_street;28149740;4258007958;100;1600;0
close_street;2685057627;1953778568;100;1600;0
close_street;4258007958;4477205581;100;1600;0
close_street;4477205581;1944500112;100;1600;0
close_street;1944500112;2685057627;100;1600;0
close_street;4158579792;5632789802;100;1600;0
close_street;5632789802;2006965199;100;1600;0
close_street;60624699;4236796442;100;1600;0
close_street;4236796442;4158577109;100;1600;0
close_street;4158577109;60624717;100;1600;0
close_street;2006965204;5640014787;100;1600;0
close_street;5640014787;4947707128;100;1600;0
close_street;4947707128;4258011864;100;1600;0
close_street;4258011864;2006965203;100;1600;0
close_street;2006965203;4258011862;100;1600;0
close_street;4258011862;4158583100;100;1600;0
close_street;4158583100;2006965195;100;1600;0
close_street;2006965195;4158582891;100;1600;0
close_street;4158582891;5632789800;100;1600;0
close_street;5632789800;2006965199;100;1600;0
close_street;28149740;4158579426;100;1600;0
close_street;4158579426;60624741;100;1600;0
close_street;60624741;4158579789;100;1600;0
close_street;4158579789;4823908418;100;1600;0
close_street;4823908418;60624739;100;1600;0
close_street;60624739;4258008691;100;1600;0
close_street;4258008691;60624646;100;1600;0
close_street;60624646;4258008693;100;1600;0
close_street;4258008693;4258017068;100;1600;0
close_street;4258017068;2006973638;100;1600;0
close_street;2006973638;4258017070;100;1600;0
close_street;4258017070;5638002188;100;1600;0
close_street;5638002188;5636229000;100;1600;0
close_street;5636229000;5638002196;100;1600;0
close_street;5638002196;60624618;100;1600;0
close_street;2006973634;4158582186;100;1600;0
close_street;4158582186;4823908414;100;1600;0
close_street;4823908414;4258012362;100;1600;0
close_street;4258012362;60624648;100;1600;0
close_street;60624648;4258012360;100;1600;0
close_street;4258012360;4236792698;100;1600;0
close_street;4236792698;60624710;100;1600;0
close_street;60624710;4236792697;100;1600;0
close_street;4236792697;4258007957;100;1600;0
close_street;4258007957;60624706;100;1600;0
close_street;1953466362;1953466364;100;1600;0
close_street;1953466364;4158577135;100;1600;0
close_street;4158577135;5739024421;100;1600;0
close_street;5739024421;2006973645;100;1600;0
close_street;2006973645;5739024422;100;1600;0
close_street;5739024422;4258017886;100;1600;0
close_street;4258017886;4158578920;100;1600;0
close_street;4158578920;5629463536;100;1600;0
close_street;5629463536;4158579150;100;1600;0
close_street;4158579150;4158580654;100;1600;0
close_street;4158580654;2006973650;100;1600;0
close_street;2006973650;4158580810;100;1600;0
close_street;4158580810;4158582179;100;1600;0
close_street;4158582179;2006973634;100;1600;0
close_street;2006973634;4158582331;100;1600;0
close_street;4158582331;4258017067;100;1600;0
close_street;4258017067;2006973638;100;1600;0
close_street;2006973638;4258017069;100;1600;0
close_street;4258017069;5640014788;100;1600;0
close_street;5640014788;2006965204;100;1600;0
close_street;2006965204;4258011867;100;1600;0
close_street;4258011867;4258014906;100;1600;0
close_street;4258014906;1975523049;100;1600;0
close_street;1975523049;4258014908;100;1600;0
close_street;4258014908;60624622;100;1600;0
close_street;60624622;2147307307;100;1600;0
close_street;2147307307;4258014905;100;1600;0
close_street;4258014905;60624626;100;1600;0
close_street;1953881669;2050908601;100;1600;0
close_street;4373043968;1955870603;100;1600;0
close_street;1955870603;4373043969;100;1600;0
close_street;1953840966;1955870606;100;1600;0
close_street;2520923727;4476048129;100;1600;0
close_street;4476048129;5462729994;100;1600;0
close_street;5462729994;5462729991;100;1600;0
close_street;5462729991;1832037291;100;1600;0
close_street;4375718517;4375718519;100;1600;0
close_street;4375718519;2520923748;100;1600;0
close_street;2520923741;1832037296;100;1600;0
close_street;1832037296;2520923744;100;1600;0
close_street;2520923744;5446039859;100;1600;0
close_street;5446039859;1832037299;100;1600;0
close_street;2520923720;2520923727;100;1600;0
close_street;4350478424;4350478428;100;1600;0
close_street;4350478428;1953778527;100;1600;0
close_street;4477211401;5345721811;100;1600;0
close_street;5345721811;4947732904;100;1600;0
close_street;4947732904;4257962349;100;1600;0
close_street;1953841000;4477211392;100;1600;0
close_street;4477211392;2685057630;100;1600;0
close_street;2685057630;5054627413;100;1600;0
close_street;5054627413;28149736;100;1600;0
close_street;1492966026;1492966025;100;1600;0
close_street;1492966025;4512826453;100;1600;0
close_street;4512826453;4512806744;100;1600;0
close_street;4512806744;1492967723;100;1600;0
close_street;1492967735;4512826456;100;1600;0
close_street;4512826456;4512776882;100;1600;0
close_street;4512776882;1492967737;100;1600;0
close_street;1492967737;467725343;100;1600;0
close_street;1832037293;5576620938;100;1600;0
close_street;5576620938;5581066863;100;1600;0
close_street;5581066863;1832037297;100;1600;0
close_street;1832037288;465888332;100;1600;0
close_street;465888332;465888275;100;1600;0
close_street;465888275;465888672;100;1600;0
close_street;465888672;5576620939;100;1600;0
close_street;5576620939;1832037293;100;1600;0
close_street;1953841057;1953841031;100;1600;0
close_street;1953841031;1953840983;100;1600;0
close_street;1953840983;1953841109;100;1600;0
close_street;1953841109;1953841079;100;1600;0
close_street;4935752185;5688577022;100;1600;0
close_street;167403201;5370286682;100;1600;0
close_street;5370286682;5370286683;100;1600;0
close_street;5370286683;4780121877;100;1600;0
close_street;4780121877;931131905;100;1600;0
close_street;931131905;5580415962;100;1600;0
close_street;5580415962;167403202;100;1600;0
close_street;167403202;5592551399;100;1600;0
close_street;5592551399;931131916;100;1600;0
close_street;931131916;5573621304;100;1600;0
close_street;5573621304;167403203;100;1600;0
close_street;167403203;4476079638;100;1600;0
close_street;4476079638;5427592856;100;1600;0
close_street;5427592856;5427592855;100;1600;0
close_street;5427592855;167403205;100;1600;0
close_street;167403205;167401978;100;1600;0
close_street;167401978;5392792168;100;1600;0
close_street;5392792168;2614771227;100;1600;0
close_street;2614771227;2128070471;100;1600;0
close_street;2128070471;2614771225;100;1600;0
close_street;2614771225;167403206;100;1600;0
close_street;167403206;1832057616;100;1600;0
close_street;1832057616;4476079632;100;1600;0
close_street;4476079632;167403208;100;1600;0
close_street;167403208;167403210;100;1600;0
close_street;167403210;5592551397;100;1600;0
close_street;5592551397;1953841001;100;1600;0
close_street;1953841001;1832057632;100;1600;0
close_street;1832057632;1832057633;100;1600;0
close_street;1423143122;1944500109;100;1600;0
close_street;1944500109;60609984;100;1600;0
close_street;60609984;1952817300;100;1600;0
close_street;1952817300;4350478424;100;1600;0
close_street;303561945;4342016390;100;1600;0
close_street;4342016390;303561858;100;1600;0
close_street;303561858;4849941746;100;1600;0
close_street;4236798311;4158577108;100;1600;0
close_street;4158577108;60624717;100;1600;0
close_street;4476019633;1837165703;100;1600;0
close_street;923613902;1952548628;100;1600;0
close_street;1952548628;4226115696;100;1600;0
close_street;4226115696;1952548629;100;1600;0
close_street;1952548629;4226115695;100;1600;0
close_street;4226115695;923613906;100;1600;0
close_street;923613906;158836448;100;1600;0
