14;11;100;arrival;7160_1;17955;79;812
14;11;128;arrival;7865_1;11490;83;762
14;12;185;arrival;1358_1;25890;5;28
14;12;189;arrival;7865_1;11490;83;762
14;12;205;arrival;1358_1;25890;5;28
14;13;227;arrival;7112_1;20696;138;1395
14;13;227;arrival;1358_1;25890;5;28
14;13;228;arrival;7160_1;17955;79;812
14;13;242;arrival;7865_1;11490;83;762
14;13;253;arrival;7160_1;17955;79;812
14;13;271;arrival;1358_1;25890;5;28
14;14;285;arrival;1358_1;25890;5;28
14;14;323;arrival;6038_1;15180;211;2201
14;14;332;arrival;5890_1;13683;170;1694
14;14;350;arrival;7865_1;11490;83;762
14;15;354;arrival;7865_1;11490;83;762
14;15;356;arrival;7112_1;20696;138;1395
14;15;359;arrival;7112_1;20696;138;1395
14;15;370;arrival;6038_1;15180;211;2201
14;15;372;arrival;7160_1;17955;79;812
14;15;375;arrival;6392_1;4542;339;3351
14;15;379;arrival;6958_1;13353;243;2586
14;15;383;arrival;1358_1;25890;5;28
14;15;384;arrival;7112_1;20696;138;1395
14;15;386;arrival;1358_1;25890;5;28
14;15;395;arrival;1358_1;25890;5;28
14;15;397;arrival;6038_1;15180;211;2201
14;15;409;arrival;5978_1;18229;320;3082
14;15;411;arrival;7865_1;11490;83;762
14;16;419;arrival;7160_1;17955;79;812
14;16;420;arrival;5890_1;13683;170;1694
14;16;430;arrival;5890_1;13683;170;1694
14;16;431;arrival;7961_1;21187;316;3009
14;16;431;arrival;6958_1;13353;243;2586
14;16;447;arrival;6958_1;13353;243;2586
14;16;447;arrival;6392_1;4542;339;3351
14;16;448;arrival;6392_1;4542;339;3351
14;16;450;arrival;7112_1;20696;138;1395
14;16;452;arrival;6025_1;6981;393;3997
14;16;464;arrival;7160_1;17955;79;812
14;16;468;arrival;7112_1;20696;138;1395
14;16;468;arrival;6392_1;4542;339;3351
14;16;475;arrival;6069_1;19499;328;3339
14;16;477;arrival;1358_1;25890;5;28
14;16;477;arrival;6392_1;4542;339;3351
14;16;478;arrival;6069_1;19499;328;3339
14;17;485;arrival;6392_1;4542;339;3351
14;17;487;arrival;1358_1;25890;5;28
14;17;498;arrival;6590_1;6902;236;2497
14;17;504;arrival;6038_1;15180;211;2201
14;17;504;arrival;1358_1;25890;5;28
14;17;510;arrival;5890_1;13683;170;1694
14;17;510;arrival;6025_1;6981;393;3997
14;17;515;arrival;6392_1;4542;339;3351
14;17;517;arrival;7112_1;20696;138;1395
14;17;521;arrival;5890_1;13683;170;1694
14;17;523;arrival;7961_1;21187;316;3009
14;17;527;arrival;7160_1;17955;79;812
14;17;528;arrival;7160_1;17955;79;812
14;17;530;arrival;7112_1;20696;138;1395
14;17;534;arrival;7112_1;20696;138;1395
14;17;535;arrival;6590_1;6902;236;2497
14;17;540;arrival;8295_1;3182;312;3186
14;17;540;arrival;6392_1;4542;339;3351
14;17;540;arrival;7865_1;11490;83;762
14;17;542;arrival;7943_1;14320;326;3288
14;18;550;arrival;1358_1;25890;5;28
14;18;554;arrival;5890_1;13683;170;1694
14;18;557;arrival;7112_1;20696;138;1395
14;18;558;arrival;7160_1;17955;79;812
14;18;559;arrival;7961_1;21187;316;3009
14;18;565;arrival;5978_1;18229;320;3082
14;18;571;arrival;6590_1;6902;236;2497
14;18;572;arrival;7112_1;20696;138;1395
14;18;573;arrival;7112_1;20696;138;1395
14;18;577;arrival;7943_1;14320;326;3288
14;18;589;arrival;5978_1;18229;320;3082
14;18;590;arrival;7943_1;14320;326;3288
14;18;592;arrival;7865_1;11490;83;762
14;18;593;arrival;7865_1;11490;83;762
14;18;594;arrival;6392_1;4542;339;3351
14;18;595;arrival;6590_1;6902;236;2497
14;18;595;arrival;6958_1;13353;243;2586
14;18;601;arrival;7112_1;20696;138;1395
14;18;603;arrival;5978_1;18229;320;3082
14;18;603;arrival;7160_1;17955;79;812
14;18;611;arrival;6958_1;13353;243;2586
14;19;615;arrival;7943_1;14320;326;3288
14;19;621;arrival;7425_1;19703;582;5614
14;19;627;arrival;6025_1;6981;393;3997
14;19;628;arrival;7245_1;11231;513;5496
14;19;633;arrival;6958_1;13353;243;2586
14;19;639;arrival;8295_1;3182;312;3186
14;19;642;arrival;7160_1;17955;79;812
14;19;645;arrival;6590_1;6902;236;2497
14;19;651;arrival;6590_1;6902;236;2497
14;19;652;arrival;1358_1;25890;5;28
14;19;659;arrival;7961_1;21187;316;3009
14;19;664;arrival;1358_1;25890;5;28
14;19;665;arrival;1358_1;25890;5;28
14;19;666;arrival;6590_1;6902;236;2497
14;19;667;arrival;7865_1;11490;83;762
14;19;669;arrival;6392_1;4542;339;3351
14;19;669;arrival;6392_1;4542;339;3351
14;19;673;arrival;6590_1;6902;236;2497
14;19;674;arrival;6590_1;6902;236;2497
14;19;674;arrival;6958_1;13353;243;2586
14;19;674;arrival;7425_1;19703;375;3640
14;19;675;arrival;1358_1;25890;5;28
14;19;679;arrival;6448_1;11585;595;6201
14;20;685;arrival;7160_1;17955;79;812
14;20;686;arrival;7943_1;14320;326;3288
14;20;689;arrival;6025_1;6981;393;3997
14;20;695;arrival;8295_1;3182;312;3186
14;20;696;arrival;7961_1;21187;316;3009
14;20;699;arrival;7961_1;21187;316;3009
14;20;703;arrival;7245_1;11231;513;5496
14;20;709;arrival;5978_1;18229;320;3082
14;20;711;arrival;7112_1;20696;138;1395
14;20;712;arrival;7245_1;11231;513;5496
14;20;715;arrival;6392_1;4542;339;3351
14;20;726;arrival;7160_1;17955;79;812
14;20;728;arrival;7112_1;20696;138;1395
14;20;729;arrival;7245_1;11231;513;5496
14;20;730;arrival;1358_1;25890;5;28
14;20;731;arrival;6069_1;19499;328;3339
14;20;733;arrival;6590_1;6902;236;2497
14;20;734;arrival;7245_1;11231;513;5496
14;20;734;arrival;6958_1;13353;243;2586
14;20;735;arrival;6392_1;4542;339;3351
14;20;736;arrival;6392_1;4542;339;3351
14;20;740;arrival;1251_1;1222;663;6668
14;20;743;arrival;6448_1;11585;595;6201
14;20;744;arrival;6448_1;11585;595;6201
14;21;749;arrival;6590_1;6902;236;2497
14;21;750;arrival;7160_1;17955;79;812
14;21;752;arrival;6392_1;4542;339;3351
14;21;754;arrival;7961_1;21187;316;3009
14;21;755;arrival;6958_1;13353;243;2586
14;21;758;arrival;5978_1;18229;320;3082
14;21;759;arrival;5890_1;13683;170;1694
14;21;759;arrival;6392_1;4542;339;3351
14;21;763;arrival;7943_1;14320;326;3288
14;21;764;arrival;1358_1;25890;5;28
14;21;764;arrival;7425_1;19703;375;3640
14;21;765;arrival;6448_1;11585;595;6201
14;21;765;arrival;6448_1;11585;595;6201
14;21;766;arrival;1358_1;25890;5;28
14;21;767;arrival;6392_1;4542;339;3351
14;21;768;arrival;6342_1;19703;675;6868
14;21;769;arrival;1358_1;25890;5;28
14;21;770;arrival;6392_1;4542;339;3351
14;21;771;arrival;7160_1;17955;79;812
14;21;775;arrival;6342_1;19703;675;6868
14;21;779;arrival;6069_1;19499;328;3339
14;21;779;arrival;7245_1;11231;513;5496
14;21;781;arrival;8295_1;3182;312;3186
14;21;783;arrival;7160_1;17955;79;812
14;21;788;arrival;6392_1;4542;339;3351
14;21;788;arrival;6590_1;6902;236;2497
14;21;788;arrival;1358_1;25890;5;28
14;21;796;arrival;7112_1;20696;138;1395
14;21;805;arrival;1358_1;25890;5;28
14;21;805;arrival;7160_1;17955;79;812
14;21;809;arrival;6342_1;19703;675;6868
14;21;810;arrival;6038_1;15180;211;2201
14;21;811;arrival;6069_1;19499;328;3339
14;22;814;arrival;7245_1;11231;513;5496
14;22;815;arrival;7943_1;14320;326;3288
14;22;818;arrival;6342_1;19703;675;6868
14;22;819;arrival;6342_1;19703;675;6868
14;22;823;arrival;7943_1;14320;326;3288
14;22;825;arrival;6590_1;6902;236;2497
14;22;826;arrival;6590_1;6902;236;2497
14;22;827;arrival;6392_1;4542;339;3351
14;22;831;arrival;7112_1;20696;138;1395
14;22;836;arrival;6342_1;19703;675;6868
14;22;838;arrival;7160_1;17955;79;812
14;22;840;arrival;1251_1;1222;663;6668
14;22;840;arrival;7112_1;20696;138;1395
14;22;842;arrival;1251_1;1222;663;6668
14;22;847;arrival;6342_1;19703;675;6868
14;22;853;arrival;7961_1;21187;316;3009
14;22;853;arrival;6958_1;13353;243;2586
14;22;855;arrival;80_1;25887;787;8590
14;22;856;arrival;5978_1;18229;320;3082
14;22;859;arrival;1251_1;1222;663;6668
14;22;859;arrival;6038_1;15180;211;2201
14;22;860;arrival;6342_1;19703;675;6868
14;22;863;arrival;6342_1;19703;675;6868
14;22;866;arrival;7865_1;11490;83;762
14;22;870;arrival;7160_1;17955;79;812
14;22;871;arrival;7160_1;17955;79;812
14;22;871;arrival;6342_1;19703;675;6868
14;22;872;arrival;6069_1;19499;328;3339
14;22;873;arrival;1251_1;1222;663;6668
14;22;875;arrival;7943_1;14320;326;3288
14;22;877;arrival;7112_1;20696;138;1395
14;23;879;arrival;6342_1;19703;675;6868
14;23;879;arrival;6958_1;13353;243;2586
14;23;881;arrival;7425_1;19703;375;3640
14;23;883;arrival;7112_1;20696;138;1395
14;23;883;arrival;1358_1;25890;5;28
14;23;884;arrival;6342_1;19703;675;6868
14;23;885;arrival;5978_1;18229;320;3082
14;23;887;arrival;6392_1;4542;339;3351
14;23;895;arrival;7160_1;17955;79;812
14;23;896;arrival;6392_1;4542;339;3351
14;23;899;arrival;6958_1;13353;243;2586
14;23;899;arrival;7425_1;19703;375;3640
14;23;901;arrival;6342_1;19703;675;6868
14;23;908;arrival;7160_1;17955;79;812
14;23;908;arrival;1251_1;1222;663;6668
14;23;909;arrival;6392_1;4542;339;3351
14;23;911;arrival;7425_1;19703;375;3640
14;23;912;arrival;6590_1;6902;236;2497
14;23;914;arrival;7943_1;14320;326;3288
14;23;914;arrival;6148_1;16138;719;8192
14;23;914;arrival;7112_1;20696;138;1395
14;23;915;arrival;5890_1;13683;170;1694
14;23;915;arrival;7943_1;14320;326;3288
14;23;916;arrival;6025_1;6981;393;3997
14;23;917;arrival;7943_1;14320;326;3288
14;23;920;arrival;1358_1;25890;5;28
14;23;922;arrival;6590_1;6902;236;2497
14;23;923;arrival;80_1;25887;787;8590
14;23;923;arrival;7160_1;17955;79;812
14;23;930;arrival;80_1;25887;787;8590
14;23;933;arrival;1358_1;25890;5;28
14;23;934;arrival;6342_1;19703;675;6868
14;23;936;arrival;6342_1;19703;675;6868
14;23;937;arrival;1251_1;1222;663;6668
14;23;942;arrival;6392_1;4542;339;3351
14;24;943;arrival;6342_1;19703;675;6868
14;24;943;arrival;6958_1;13353;243;2586
14;24;945;arrival;7112_1;20696;138;1395
14;24;946;arrival;6025_1;6981;393;3997
14;24;948;arrival;6069_1;19499;328;3339
14;24;949;arrival;7865_1;11490;83;762
14;24;951;arrival;1358_1;25890;5;28
14;24;952;arrival;6069_1;19499;328;3339
14;24;953;arrival;6342_1;19703;675;6868
14;24;954;arrival;7112_1;20696;138;1395
14;24;954;arrival;1358_1;25890;5;28
14;24;954;arrival;1251_1;1222;663;6668
14;24;958;arrival;7245_1;11231;513;5496
14;24;960;arrival;8295_1;3182;312;3186
14;24;960;arrival;6392_1;4542;339;3351
14;24;960;arrival;7245_1;11231;513;5496
14;24;971;arrival;6590_1;6902;236;2497
14;24;975;arrival;6342_1;19703;675;6868
14;24;975;arrival;1358_1;25890;5;28
14;24;979;arrival;6090_1;21677;854;9347
14;24;979;arrival;6590_1;6902;236;2497
14;24;979;arrival;1358_1;25890;5;28
14;24;983;arrival;7961_1;21187;316;3009
14;24;983;arrival;6342_1;19703;675;6868
14;24;986;arrival;7112_1;20696;138;1395
14;24;987;arrival;6038_1;15180;211;2201
14;24;989;arrival;1251_1;1222;663;6668
14;24;991;arrival;80_1;25887;787;8590
14;24;994;arrival;6069_1;19499;328;3339
14;24;995;arrival;6448_1;11585;595;6201
14;24;995;arrival;6392_1;4542;339;3351
14;24;998;arrival;5890_1;13683;170;1694
14;24;1000;arrival;1373_1;765;759;7864
14;24;1007;arrival;6090_1;21677;854;9347
14;24;1007;arrival;6448_1;11585;595;6201
14;24;1008;arrival;6342_1;19703;675;6868
14;24;1008;arrival;5890_1;13683;170;1694
14;25;1010;arrival;7112_1;20696;138;1395
14;25;1012;arrival;6342_1;19703;675;6868
14;25;1013;arrival;7865_1;11490;83;762
14;25;1013;arrival;7112_1;20696;138;1395
14;25;1014;arrival;5890_1;13683;170;1694
14;25;1014;arrival;7245_1;11231;513;5496
14;25;1019;arrival;80_1;25887;787;8590
14;25;1026;arrival;7160_1;17955;79;812
14;25;1029;arrival;6025_1;6981;393;3997
14;25;1029;arrival;6392_1;4542;339;3351
14;25;1031;arrival;6342_1;19703;675;6868
14;25;1031;arrival;1373_1;765;759;7864
14;25;1032;arrival;6342_1;19703;675;6868
14;25;1032;arrival;6342_1;19703;675;6868
14;25;1035;arrival;6392_1;4542;339;3351
14;25;1036;arrival;1358_1;25890;5;28
14;25;1038;arrival;6392_1;4542;339;3351
14;25;1039;arrival;1358_1;25890;5;28
14;25;1039;arrival;7961_1;21187;316;3009
14;25;1040;arrival;7865_1;11490;83;762
14;25;1043;arrival;6392_1;4542;339;3351
14;25;1045;arrival;6392_1;4542;339;3351
14;25;1049;arrival;6342_1;19703;675;6868
14;25;1052;arrival;6038_1;15180;211;2201
14;25;1056;arrival;8295_1;3182;312;3186
14;25;1057;arrival;6069_1;19499;328;3339
14;25;1061;arrival;6342_1;19703;675;6868
14;25;1062;arrival;7112_1;20696;138;1395
14;25;1063;arrival;6392_1;4542;339;3351
14;25;1064;arrival;6038_1;15180;211;2201
14;25;1067;arrival;6448_1;11585;595;6201
14;25;1069;arrival;7961_1;21187;316;3009
14;25;1069;arrival;7961_1;21187;316;3009
14;25;1071;arrival;6025_1;6981;393;3997
14;25;1073;arrival;6342_1;19703;675;6868
14;26;1075;arrival;1358_1;25890;5;28
14;26;1075;arrival;1251_1;1222;663;6668
14;26;1076;arrival;5978_1;18229;320;3082
14;26;1079;arrival;6342_1;19703;675;6868
14;26;1085;arrival;1358_1;25890;5;28
14;26;1087;arrival;6342_1;19703;675;6868
14;26;1089;arrival;6342_1;19703;675;6868
14;26;1093;arrival;6148_1;16138;719;8192
14;26;1095;arrival;5978_1;18229;320;3082
14;26;1098;arrival;7112_1;20696;138;1395
14;26;1098;arrival;7425_1;19703;375;3640
14;26;1098;arrival;7160_1;17955;79;812
14;26;1104;arrival;6069_1;19499;328;3339
14;26;1105;arrival;7112_1;20696;138;1395
14;26;1106;arrival;1251_1;1222;663;6668
14;26;1106;arrival;7112_1;20696;138;1395
14;26;1110;arrival;1251_1;1222;663;6668
14;26;1110;arrival;7961_1;21187;316;3009
14;26;1113;arrival;6958_1;13353;243;2586
14;26;1115;arrival;6448_1;11585;595;6201
14;26;1115;arrival;7112_1;20696;138;1395
14;26;1117;arrival;7961_1;21187;316;3009
14;26;1121;arrival;6342_1;19703;675;6868
14;26;1129;arrival;6342_1;19703;675;6868
14;26;1136;arrival;7160_1;17955;79;812
14;26;1137;arrival;6590_1;6902;236;2497
14;26;1139;arrival;6448_1;11585;595;6201
14;26;1140;arrival;6392_1;4542;339;3351
14;27;1144;arrival;1358_1;25890;5;28
14;27;1152;arrival;1358_1;25890;5;28
14;27;1154;arrival;7160_1;17955;79;812
14;27;1154;arrival;6392_1;4542;339;3351
14;27;1154;arrival;5978_1;18229;320;3082
14;27;1157;arrival;6590_1;6902;236;2497
14;27;1157;arrival;6392_1;4542;339;3351
14;27;1159;arrival;7943_1;14320;326;3288
14;27;1161;arrival;1358_1;25890;5;28
14;27;1162;arrival;7961_1;21187;316;3009
14;27;1163;arrival;7160_1;17955;79;812
14;27;1164;arrival;7160_1;17955;79;812
14;27;1167;arrival;7961_1;21187;316;3009
14;27;1167;arrival;6090_1;21677;854;9347
14;27;1168;arrival;7160_1;17955;79;812
14;27;1169;arrival;7865_1;11490;83;762
14;27;1169;arrival;6448_1;11585;595;6201
14;27;1169;arrival;1251_1;1222;663;6668
14;27;1170;arrival;80_1;25887;787;8590
14;27;1171;arrival;7245_1;11231;513;5496
14;27;1172;arrival;6090_1;21677;854;9347
14;27;1174;arrival;7943_1;14320;326;3288
14;27;1176;arrival;6025_1;6981;393;3997
14;27;1177;arrival;7943_1;14320;326;3288
14;27;1179;arrival;6342_1;19703;675;6868
14;27;1179;arrival;6069_1;19499;328;3339
14;27;1182;arrival;7865_1;11490;83;762
14;27;1185;arrival;80_1;25887;787;8590
14;27;1185;arrival;6090_1;21677;854;9347
14;27;1186;arrival;1251_1;1222;663;6668
14;27;1188;arrival;1251_1;1222;663;6668
14;27;1189;arrival;6342_1;19703;675;6868
14;27;1191;arrival;6038_1;15180;211;2201
14;27;1192;arrival;6392_1;4542;339;3351
14;27;1192;arrival;7160_1;17955;79;812
14;27;1199;arrival;6090_1;21677;854;9347
14;27;1200;arrival;5978_1;18229;320;3082
14;27;1202;arrival;6342_1;19703;675;6868
14;27;1205;arrival;6148_1;16138;719;8192
14;27;1205;arrival;7245_1;11231;513;5496
14;28;1212;arrival;1251_1;1222;663;6668
14;28;1215;arrival;1358_1;25890;5;28
14;28;1222;arrival;6342_1;19703;675;6868
14;28;1223;arrival;6448_1;11585;595;6201
14;28;1224;arrival;1373_1;765;759;7864
14;28;1224;arrival;1373_1;765;759;7864
14;28;1225;arrival;6958_1;13353;243;2586
14;28;1225;arrival;6038_1;15180;211;2201
14;28;1226;arrival;6448_1;11585;595;6201
14;28;1227;arrival;7865_1;11490;83;762
14;28;1229;arrival;6392_1;4542;339;3351
14;28;1233;arrival;7245_1;11231;513;5496
14;28;1235;arrival;7425_1;19703;375;3640
14;28;1237;arrival;6392_1;4542;339;3351
14;28;1239;arrival;6342_1;19703;675;6868
14;28;1241;arrival;80_1;25887;787;8590
14;28;1244;arrival;6147_1;16138;719;8192
14;28;1245;arrival;7425_1;19703;375;3640
14;28;1246;arrival;1251_1;1222;663;6668
14;28;1246;arrival;7160_1;17955;79;812
14;28;1248;arrival;6025_1;6981;393;3997
14;28;1249;arrival;6342_1;19703;675;6868
14;28;1255;arrival;1358_1;25890;5;28
14;28;1256;arrival;6148_1;16138;719;8192
14;28;1263;arrival;6392_1;4542;339;3351
14;28;1266;arrival;6448_1;11585;595;6201
14;28;1269;arrival;6090_1;21677;854;9347
14;28;1270;arrival;6958_1;13353;243;2586
14;29;1275;arrival;6147_1;16138;719;8192
14;29;1275;arrival;6392_1;4542;339;3351
14;29;1280;arrival;1358_1;25890;5;28
14;29;1280;arrival;6590_1;6902;236;2497
14;29;1284;arrival;6448_1;11585;595;6201
14;29;1287;arrival;6147_1;16138;719;8192
14;29;1288;arrival;6590_1;6902;236;2497
14;29;1289;arrival;7112_1;20696;138;1395
14;29;1290;arrival;7112_1;20696;138;1395
14;29;1290;arrival;6148_1;16138;719;8192
14;29;1291;arrival;6448_1;11585;595;6201
14;29;1301;arrival;6038_1;15180;211;2201
14;29;1302;arrival;6448_1;11585;595;6201
14;29;1303;arrival;6392_1;4542;339;3351
14;29;1303;arrival;6342_1;19703;675;6868
14;29;1306;arrival;1358_1;25890;5;28
14;29;1308;arrival;6392_1;4542;339;3351
14;29;1309;arrival;6147_1;16138;719;8192
14;29;1311;arrival;80_1;25887;787;8590
14;29;1313;arrival;7160_1;17955;79;812
14;29;1317;arrival;6090_1;21677;854;9347
14;29;1320;arrival;5978_1;18229;320;3082
14;29;1321;arrival;7112_1;20696;138;1395
14;29;1325;arrival;6147_1;16138;719;8192
14;29;1327;arrival;1251_1;1222;663;6668
14;29;1327;arrival;6392_1;4542;339;3351
14;29;1329;arrival;7160_1;17955;79;812
14;29;1333;arrival;1251_1;1222;663;6668
14;29;1334;arrival;6392_1;4542;339;3351
14;29;1335;arrival;6392_1;4542;339;3351
14;29;1337;arrival;7961_1;21187;316;3009
14;30;1342;arrival;6392_1;4542;339;3351
14;30;1342;arrival;6069_1;19499;328;3339
14;30;1343;arrival;80_1;25887;787;8590
14;30;1346;arrival;7245_1;11231;513;5496
14;30;1346;arrival;1251_1;1222;663;6668
14;30;1349;arrival;7160_1;17955;79;812
14;30;1350;arrival;6147_1;16138;719;8192
14;30;1352;arrival;1251_1;1222;663;6668
14;30;1353;arrival;6147_1;16138;719;8192
14;30;1357;arrival;6148_1;16138;719;8192
14;30;1358;arrival;6392_1;4542;339;3351
14;30;1359;arrival;7943_1;14320;326;3288
14;30;1360;arrival;6448_1;11585;595;6201
14;30;1366;arrival;1358_1;25890;5;28
14;30;1369;arrival;1251_1;1222;663;6668
14;30;1370;arrival;80_1;25887;787;8590
14;30;1370;arrival;80_1;25887;787;8590
14;30;1374;arrival;6038_1;15180;211;2201
14;30;1374;arrival;1251_1;1222;663;6668
14;30;1377;arrival;80_1;25887;787;8590
14;30;1379;arrival;80_1;25887;787;8590
14;30;1384;arrival;7865_1;11490;83;762
14;30;1385;arrival;7112_1;20696;138;1395
14;30;1385;arrival;6590_1;6902;236;2497
14;30;1389;arrival;7961_1;21187;316;3009
14;30;1390;arrival;6342_1;19703;675;6868
14;30;1391;arrival;6958_1;13353;243;2586
14;30;1392;arrival;8295_1;3182;312;3186
14;30;1393;arrival;6958_1;13353;243;2586
14;30;1395;arrival;6090_1;21677;854;9347
14;30;1398;arrival;6448_1;11585;595;6201
14;30;1398;arrival;6392_1;4542;339;3351
14;30;1400;arrival;6392_1;4542;339;3351
14;30;1402;arrival;6590_1;6902;236;2497
14;30;1403;arrival;7245_1;11231;513;5496
14;31;1404;arrival;6392_1;4542;339;3351
14;31;1404;arrival;7245_1;11231;513;5496
14;31;1406;arrival;7943_1;14320;326;3288
14;31;1409;arrival;6392_1;4542;339;3351
14;31;1410;arrival;7160_1;17955;79;812
14;31;1418;arrival;1358_1;25890;5;28
14;31;1418;arrival;7943_1;14320;326;3288
14;31;1420;arrival;7943_1;14320;326;3288
14;31;1421;arrival;6342_1;19703;675;6868
14;31;1424;arrival;6392_1;4542;339;3351
14;31;1426;arrival;6090_1;21677;854;9347
14;31;1427;arrival;6958_1;13353;243;2586
14;31;1430;arrival;6958_1;13353;243;2586
14;31;1430;arrival;6069_1;19499;328;3339
14;31;1436;arrival;6342_1;19703;675;6868
14;31;1443;arrival;6342_1;19703;675;6868
14;31;1443;arrival;6392_1;4542;339;3351
14;31;1446;arrival;6958_1;13353;243;2586
14;31;1447;arrival;6958_1;13353;243;2586
14;31;1449;arrival;6090_1;21677;854;9347
14;31;1450;arrival;1358_1;25890;5;28
14;31;1451;arrival;1251_1;1222;663;6668
14;31;1455;arrival;7160_1;17955;79;812
14;31;1455;arrival;7112_1;20696;138;1395
14;31;1455;arrival;6038_1;15180;211;2201
14;31;1460;arrival;6148_1;16138;719;8192
14;31;1461;arrival;6958_1;13353;243;2586
14;31;1462;arrival;6025_1;6981;393;3997
14;31;1464;arrival;7961_1;21187;316;3009
14;31;1465;arrival;80_1;25887;787;8590
14;31;1467;arrival;5890_1;13683;170;1694
14;31;1468;arrival;7961_1;21187;316;3009
14;31;1469;arrival;5890_1;13683;170;1694
14;32;1474;arrival;6090_1;21677;854;9347
14;32;1474;arrival;6448_1;11585;595;6201
14;32;1477;arrival;6590_1;6902;236;2497
14;32;1479;arrival;6590_1;6902;236;2497
14;32;1479;arrival;1358_1;25890;5;28
14;32;1480;arrival;8295_1;3182;312;3186
14;32;1482;arrival;6590_1;6902;236;2497
14;32;1485;arrival;1373_1;765;759;7864
14;32;1488;arrival;6148_1;16138;719;8192
14;32;1489;arrival;6392_1;4542;339;3351
14;32;1490;arrival;6590_1;6902;236;2497
14;32;1490;arrival;6342_1;19703;675;6868
14;32;1496;arrival;5890_1;13683;170;1694
14;32;1496;arrival;7425_1;19703;375;3640
14;32;1499;arrival;6392_1;4542;339;3351
14;32;1500;arrival;7245_1;11231;513;5496
14;32;1503;arrival;7160_1;17955;79;812
14;32;1507;arrival;80_1;25887;787;8590
14;32;1508;arrival;6392_1;4542;339;3351
14;32;1509;arrival;1251_1;1222;663;6668
14;32;1510;arrival;6147_1;16138;719;8192
14;32;1511;arrival;7160_1;17955;79;812
14;32;1513;arrival;6590_1;6902;236;2497
14;32;1518;arrival;7112_1;20696;138;1395
14;32;1519;arrival;7425_1;19703;375;3640
14;32;1521;arrival;6342_1;19703;675;6868
14;32;1524;arrival;1358_1;25890;5;28
14;32;1524;arrival;80_1;25887;787;8590
14;32;1525;arrival;6342_1;19703;675;6868
14;32;1525;arrival;6958_1;13353;243;2586
14;32;1526;arrival;7865_1;11490;83;762
14;32;1528;arrival;6448_1;11585;595;6201
14;32;1533;arrival;6392_1;4542;339;3351
14;33;1537;arrival;6342_1;19703;675;6868
14;33;1537;arrival;7112_1;20696;138;1395
14;33;1539;arrival;7961_1;21187;316;3009
14;33;1540;arrival;6392_1;4542;339;3351
14;33;1544;arrival;6958_1;13353;243;2586
14;33;1545;arrival;6392_1;4542;339;3351
14;33;1548;arrival;6392_1;4542;339;3351
14;33;1549;arrival;6392_1;4542;339;3351
14;33;1550;arrival;6590_1;6902;236;2497
14;33;1554;arrival;6392_1;4542;339;3351
14;33;1555;arrival;6392_1;4542;339;3351
14;33;1559;arrival;6392_1;4542;339;3351
14;33;1565;arrival;6025_1;6981;393;3997
14;33;1565;arrival;7961_1;21187;316;3009
14;33;1567;arrival;6025_1;6981;393;3997
14;33;1572;arrival;8295_1;3182;312;3186
14;33;1573;arrival;6038_1;15180;211;2201
14;33;1575;arrival;6392_1;4542;339;3351
14;33;1575;arrival;6392_1;4542;339;3351
14;33;1582;arrival;7112_1;20696;138;1395
14;33;1582;arrival;6448_1;11585;595;6201
14;33;1585;arrival;1251_1;1222;663;6668
14;33;1587;arrival;6038_1;15180;211;2201
14;33;1588;arrival;6038_1;15180;211;2201
14;33;1589;arrival;1358_1;25890;5;28
14;33;1595;arrival;7961_1;21187;316;3009
14;33;1596;arrival;80_1;25887;787;8590
14;33;1596;arrival;1373_1;765;759;7864
14;33;1599;arrival;1251_1;1222;663;6668
14;33;1599;arrival;6038_1;15180;211;2201
14;34;1602;arrival;6038_1;15180;211;2201
14;34;1603;arrival;7425_1;19703;375;3640
14;34;1603;arrival;1358_1;25890;5;28
14;34;1603;arrival;6448_1;11585;595;6201
14;34;1605;arrival;7943_1;14320;326;3288
14;34;1609;arrival;80_1;25887;787;8590
14;34;1609;arrival;6590_1;6902;236;2497
14;34;1610;arrival;8295_1;3182;312;3186
14;34;1610;arrival;6590_1;6902;236;2497
14;34;1610;arrival;1251_1;1222;663;6668
14;34;1611;arrival;6342_1;19703;675;6868
14;34;1617;arrival;6590_1;6902;236;2497
14;34;1618;arrival;7245_1;11231;513;5496
14;34;1619;arrival;6448_1;11585;595;6201
14;34;1620;arrival;6148_1;16138;719;8192
14;34;1621;arrival;5890_1;13683;170;1694
14;34;1624;arrival;7961_1;21187;316;3009
14;34;1627;arrival;6342_1;19703;675;6868
14;34;1630;arrival;1358_1;25890;5;28
14;34;1635;arrival;80_1;25887;787;8590
14;34;1639;arrival;7245_1;11231;513;5496
14;34;1643;arrival;6448_1;11585;595;6201
14;34;1643;arrival;5890_1;13683;170;1694
14;34;1646;arrival;6448_1;11585;595;6201
14;34;1647;arrival;6025_1;6981;393;3997
14;34;1648;arrival;80_1;25887;787;8590
14;34;1650;arrival;7245_1;11231;513;5496
14;34;1652;arrival;7865_1;11490;83;762
14;34;1656;arrival;7112_1;20696;138;1395
14;34;1660;arrival;7160_1;17955;79;812
14;34;1661;arrival;6448_1;11585;595;6201
14;34;1662;arrival;6148_1;16138;719;8192
14;34;1663;arrival;6392_1;4542;339;3351
14;34;1664;arrival;5890_1;13683;170;1694
14;35;1667;arrival;1251_1;1222;663;6668
14;35;1668;arrival;6448_1;11585;595;6201
14;35;1673;arrival;6090_1;21677;854;9347
14;35;1675;arrival;1358_1;25890;5;28
14;35;1681;arrival;7160_1;17955;79;812
14;35;1681;arrival;6148_1;16138;719;8192
14;35;1683;arrival;7865_1;11490;83;762
14;35;1686;arrival;6342_1;19703;675;6868
14;35;1688;arrival;1251_1;1222;663;6668
14;35;1688;arrival;6342_1;19703;675;6868
14;35;1700;arrival;1358_1;25890;5;28
14;35;1701;arrival;6342_1;19703;675;6868
14;35;1705;arrival;6147_1;16138;719;8192
14;35;1705;arrival;6590_1;6902;236;2497
14;35;1707;arrival;80_1;25887;787;8590
14;35;1708;arrival;6342_1;19703;675;6868
14;35;1710;arrival;7865_1;11490;83;762
14;35;1712;arrival;7160_1;17955;79;812
14;35;1712;arrival;6590_1;6902;236;2497
14;35;1712;arrival;6392_1;4542;339;3351
14;35;1717;arrival;7425_1;19703;375;3640
14;35;1727;arrival;7160_1;17955;79;812
14;35;1729;arrival;1251_1;1222;663;6668
14;35;1732;arrival;6590_1;6902;236;2497
14;36;1734;arrival;6590_1;6902;236;2497
14;36;1734;arrival;7112_1;20696;138;1395
14;36;1738;arrival;1251_1;1222;663;6668
14;36;1741;arrival;6342_1;19703;675;6868
14;36;1741;arrival;6147_1;16138;719;8192
14;36;1742;arrival;6958_1;13353;243;2586
14;36;1748;arrival;6038_1;15180;211;2201
14;36;1751;arrival;8295_1;3182;312;3186
14;36;1753;arrival;7112_1;20696;138;1395
14;36;1754;arrival;1358_1;25890;5;28
14;36;1756;arrival;6590_1;6902;236;2497
14;36;1759;arrival;6342_1;19703;675;6868
14;36;1760;arrival;6392_1;4542;339;3351
14;36;1761;arrival;7245_1;11231;513;5496
14;36;1764;arrival;1251_1;1222;663;6668
14;36;1764;arrival;6148_1;16138;719;8192
14;36;1769;arrival;5890_1;13683;170;1694
14;36;1769;arrival;7245_1;11231;513;5496
14;36;1770;arrival;5978_1;18229;320;3082
14;36;1772;arrival;1373_1;765;759;7864
14;36;1773;arrival;7112_1;20696;138;1395
14;36;1776;arrival;6025_1;6981;393;3997
14;36;1778;arrival;7245_1;11231;513;5496
14;36;1784;arrival;8295_1;3182;312;3186
14;36;1788;arrival;6958_1;13353;243;2586
14;36;1788;arrival;80_1;25887;787;8590
14;36;1789;arrival;7112_1;20696;138;1395
14;36;1794;arrival;5978_1;18229;320;3082
14;36;1794;arrival;6090_1;21677;854;9347
14;36;1795;arrival;6342_1;19703;675;6868
